name,BP,MF,Ammonia,Glucose,Leucine,Phosphate,Sulfate,Uracil,YBR074W,YBR158W,YDL104C,YDR364C,YDR384C,YEL015W,YER141W,YGL028C,YGR040W,YGR281W,YHL035C,YHR036W,YHR143W,YIL166C,YKL184W,YKL221W,YLR115W,YML017W,YMR183C,YMR228W,YNL049C,YNL095C,YNL158W,YNR002C,YOL028C,YOL029C,YOL066C,YOL162W,YOL163W,YOR069W,YOR087W,YPL058C,YPL162C,YPR036W
AMN1,negative regulation of exit from mitosis*,protein binding,-0.59,0.18,-1.09,-1.51,-0.08,-1.15,NA,0.05,NA,NA,NA,NA,NA,NA,NA,NA,NA,NA,NA,NA,NA,NA,NA,NA,NA,NA,NA,NA,NA,NA,NA,NA,NA,NA,NA,NA,NA,NA,NA,NA
AMN1,negative regulation of exit from mitosis*,protein binding,-0.02,0.61,-0.09,-1.33,0.36,0.41,NA,0.1,NA,NA,NA,NA,NA,NA,NA,NA,NA,NA,NA,NA,NA,NA,NA,NA,NA,NA,NA,NA,NA,NA,NA,NA,NA,NA,NA,NA,NA,NA,NA,NA
AMN1,negative regulation of exit from mitosis*,protein binding,0.67,1.55,-0.35,-1.03,-0.18,0.28,NA,0.15,NA,NA,NA,NA,NA,NA,NA,NA,NA,NA,NA,NA,NA,NA,NA,NA,NA,NA,NA,NA,NA,NA,NA,NA,NA,NA,NA,NA,NA,NA,NA,NA
AMN1,negative regulation of exit from mitosis*,protein binding,0.21,1.34,-0.27,-0.8,0,0,NA,0.2,NA,NA,NA,NA,NA,NA,NA,NA,NA,NA,NA,NA,NA,NA,NA,NA,NA,NA,NA,NA,NA,NA,NA,NA,NA,NA,NA,NA,NA,NA,NA,NA
AMN1,negative regulation of exit from mitosis*,protein binding,-0.04,0.23,-0.07,-0.42,-0.09,0.17,NA,0.25,NA,NA,NA,NA,NA,NA,NA,NA,NA,NA,NA,NA,NA,NA,NA,NA,NA,NA,NA,NA,NA,NA,NA,NA,NA,NA,NA,NA,NA,NA,NA,NA
AMN1,negative regulation of exit from mitosis*,protein binding,-0.05,-0.03,-0.11,-0.81,0.02,-0.01,NA,0.3,NA,NA,NA,NA,NA,NA,NA,NA,NA,NA,NA,NA,NA,NA,NA,NA,NA,NA,NA,NA,NA,NA,NA,NA,NA,NA,NA,NA,NA,NA,NA,NA
ATO3,transport*,transporter activity,-1.2,2.27,-1.39,-2.61,-2.2,-1.97,NA,NA,NA,NA,0.05,NA,NA,NA,NA,NA,NA,NA,NA,NA,NA,NA,NA,NA,NA,NA,NA,NA,NA,NA,NA,NA,NA,NA,NA,NA,NA,NA,NA,NA
ATO3,transport*,transporter activity,-0.83,1.72,-0.33,-2.37,-2.25,-2.41,NA,NA,NA,NA,0.1,NA,NA,NA,NA,NA,NA,NA,NA,NA,NA,NA,NA,NA,NA,NA,NA,NA,NA,NA,NA,NA,NA,NA,NA,NA,NA,NA,NA,NA
ATO3,transport*,transporter activity,-1.54,0.94,-0.18,-2.52,-2.94,-2.03,NA,NA,NA,NA,0.15,NA,NA,NA,NA,NA,NA,NA,NA,NA,NA,NA,NA,NA,NA,NA,NA,NA,NA,NA,NA,NA,NA,NA,NA,NA,NA,NA,NA,NA
ATO3,transport*,transporter activity,-1.56,-0.06,0.03,-2.67,-2.42,-0.45,NA,NA,NA,NA,0.2,NA,NA,NA,NA,NA,NA,NA,NA,NA,NA,NA,NA,NA,NA,NA,NA,NA,NA,NA,NA,NA,NA,NA,NA,NA,NA,NA,NA,NA
ATO3,transport*,transporter activity,-1.43,-0.4,0.14,-2.05,-2.2,-1.09,NA,NA,NA,NA,0.25,NA,NA,NA,NA,NA,NA,NA,NA,NA,NA,NA,NA,NA,NA,NA,NA,NA,NA,NA,NA,NA,NA,NA,NA,NA,NA,NA,NA,NA
ATO3,transport*,transporter activity,-0.94,-0.16,-0.2,-2.09,-1.85,-0.32,NA,NA,NA,NA,0.3,NA,NA,NA,NA,NA,NA,NA,NA,NA,NA,NA,NA,NA,NA,NA,NA,NA,NA,NA,NA,NA,NA,NA,NA,NA,NA,NA,NA,NA
CDC40,"nuclear mRNA splicing, via spliceosome*","RNA splicing factor activity, transesterification mechanism*",0.04,-0.19,-0.3,-0.44,-0.07,-1.07,NA,NA,NA,0.05,NA,NA,NA,NA,NA,NA,NA,NA,NA,NA,NA,NA,NA,NA,NA,NA,NA,NA,NA,NA,NA,NA,NA,NA,NA,NA,NA,NA,NA,NA
CDC40,"nuclear mRNA splicing, via spliceosome*","RNA splicing factor activity, transesterification mechanism*",0.03,-0.08,-0.08,-0.43,-0.04,-0.01,NA,NA,NA,0.1,NA,NA,NA,NA,NA,NA,NA,NA,NA,NA,NA,NA,NA,NA,NA,NA,NA,NA,NA,NA,NA,NA,NA,NA,NA,NA,NA,NA,NA,NA
CDC40,"nuclear mRNA splicing, via spliceosome*","RNA splicing factor activity, transesterification mechanism*",0.28,-0.16,-0.38,-0.32,0.14,0.05,NA,NA,NA,0.15,NA,NA,NA,NA,NA,NA,NA,NA,NA,NA,NA,NA,NA,NA,NA,NA,NA,NA,NA,NA,NA,NA,NA,NA,NA,NA,NA,NA,NA,NA
CDC40,"nuclear mRNA splicing, via spliceosome*","RNA splicing factor activity, transesterification mechanism*",0.1,-0.1,-0.19,-0.25,-0.08,-0.1,NA,NA,NA,0.2,NA,NA,NA,NA,NA,NA,NA,NA,NA,NA,NA,NA,NA,NA,NA,NA,NA,NA,NA,NA,NA,NA,NA,NA,NA,NA,NA,NA,NA,NA
CDC40,"nuclear mRNA splicing, via spliceosome*","RNA splicing factor activity, transesterification mechanism*",0.14,-0.12,-0.01,0.01,0.1,-0.04,NA,NA,NA,0.25,NA,NA,NA,NA,NA,NA,NA,NA,NA,NA,NA,NA,NA,NA,NA,NA,NA,NA,NA,NA,NA,NA,NA,NA,NA,NA,NA,NA,NA,NA
CDC40,"nuclear mRNA splicing, via spliceosome*","RNA splicing factor activity, transesterification mechanism*",0.04,-0.1,0.01,-0.3,0.02,0.12,NA,NA,NA,0.3,NA,NA,NA,NA,NA,NA,NA,NA,NA,NA,NA,NA,NA,NA,NA,NA,NA,NA,NA,NA,NA,NA,NA,NA,NA,NA,NA,NA,NA,NA
CFT2,mRNA polyadenylylation*,RNA binding,0.2,-0.33,-0.27,0.05,0.41,-0.53,NA,NA,NA,NA,NA,NA,NA,NA,NA,NA,NA,NA,NA,NA,NA,NA,0.05,NA,NA,NA,NA,NA,NA,NA,NA,NA,NA,NA,NA,NA,NA,NA,NA,NA
CFT2,mRNA polyadenylylation*,RNA binding,-0.25,-0.41,-0.28,0.04,-0.43,-0.51,NA,NA,NA,NA,NA,NA,NA,NA,NA,NA,NA,NA,NA,NA,NA,NA,0.1,NA,NA,NA,NA,NA,NA,NA,NA,NA,NA,NA,NA,NA,NA,NA,NA,NA
CFT2,mRNA polyadenylylation*,RNA binding,-0.49,-0.24,-0.05,0.03,-0.21,-0.26,NA,NA,NA,NA,NA,NA,NA,NA,NA,NA,NA,NA,NA,NA,NA,NA,0.15,NA,NA,NA,NA,NA,NA,NA,NA,NA,NA,NA,NA,NA,NA,NA,NA,NA
CFT2,mRNA polyadenylylation*,RNA binding,-0.49,-0.03,0.02,-0.04,-0.33,0.05,NA,NA,NA,NA,NA,NA,NA,NA,NA,NA,NA,NA,NA,NA,NA,NA,0.2,NA,NA,NA,NA,NA,NA,NA,NA,NA,NA,NA,NA,NA,NA,NA,NA,NA
CFT2,mRNA polyadenylylation*,RNA binding,-0.43,-0.03,0,0.08,-0.05,-0.14,NA,NA,NA,NA,NA,NA,NA,NA,NA,NA,NA,NA,NA,NA,NA,NA,0.25,NA,NA,NA,NA,NA,NA,NA,NA,NA,NA,NA,NA,NA,NA,NA,NA,NA
CFT2,mRNA polyadenylylation*,RNA binding,-0.26,0,0.08,0.21,-0.24,-0.01,NA,NA,NA,NA,NA,NA,NA,NA,NA,NA,NA,NA,NA,NA,NA,NA,0.3,NA,NA,NA,NA,NA,NA,NA,NA,NA,NA,NA,NA,NA,NA,NA,NA,NA
COX15,cytochrome c oxidase complex assembly*,"oxidoreductase activity, acting on NADH or NADPH, heme protein as acceptor",0.46,-0.28,-1.02,-0.67,-0.36,-1.91,NA,NA,NA,NA,NA,NA,0.05,NA,NA,NA,NA,NA,NA,NA,NA,NA,NA,NA,NA,NA,NA,NA,NA,NA,NA,NA,NA,NA,NA,NA,NA,NA,NA,NA
COX15,cytochrome c oxidase complex assembly*,"oxidoreductase activity, acting on NADH or NADPH, heme protein as acceptor",0.79,-0.81,-0.47,-0.17,0.48,-0.31,NA,NA,NA,NA,NA,NA,0.1,NA,NA,NA,NA,NA,NA,NA,NA,NA,NA,NA,NA,NA,NA,NA,NA,NA,NA,NA,NA,NA,NA,NA,NA,NA,NA,NA
COX15,cytochrome c oxidase complex assembly*,"oxidoreductase activity, acting on NADH or NADPH, heme protein as acceptor",0.08,-0.39,-0.18,-0.24,0.22,0.09,NA,NA,NA,NA,NA,NA,0.15,NA,NA,NA,NA,NA,NA,NA,NA,NA,NA,NA,NA,NA,NA,NA,NA,NA,NA,NA,NA,NA,NA,NA,NA,NA,NA,NA
COX15,cytochrome c oxidase complex assembly*,"oxidoreductase activity, acting on NADH or NADPH, heme protein as acceptor",0.04,0.24,-0.02,-0.52,0.5,-0.24,NA,NA,NA,NA,NA,NA,0.2,NA,NA,NA,NA,NA,NA,NA,NA,NA,NA,NA,NA,NA,NA,NA,NA,NA,NA,NA,NA,NA,NA,NA,NA,NA,NA,NA
COX15,cytochrome c oxidase complex assembly*,"oxidoreductase activity, acting on NADH or NADPH, heme protein as acceptor",-0.21,0.01,0.15,-0.03,0.29,-0.03,NA,NA,NA,NA,NA,NA,0.25,NA,NA,NA,NA,NA,NA,NA,NA,NA,NA,NA,NA,NA,NA,NA,NA,NA,NA,NA,NA,NA,NA,NA,NA,NA,NA,NA
COX15,cytochrome c oxidase complex assembly*,"oxidoreductase activity, acting on NADH or NADPH, heme protein as acceptor",-0.2,0.01,-0.18,-0.24,0.38,0.19,NA,NA,NA,NA,NA,NA,0.3,NA,NA,NA,NA,NA,NA,NA,NA,NA,NA,NA,NA,NA,NA,NA,NA,NA,NA,NA,NA,NA,NA,NA,NA,NA,NA,NA
DSE2,cell wall organization and biogenesis*,"glucan 1,3-beta-glucosidase activity",-0.39,-0.59,-0.77,-1.05,-0.15,-1.24,NA,NA,NA,NA,NA,NA,NA,NA,NA,NA,NA,NA,0.05,NA,NA,NA,NA,NA,NA,NA,NA,NA,NA,NA,NA,NA,NA,NA,NA,NA,NA,NA,NA,NA
DSE2,cell wall organization and biogenesis*,"glucan 1,3-beta-glucosidase activity",0.52,-0.17,-0.2,-0.51,0.85,0.41,NA,NA,NA,NA,NA,NA,NA,NA,NA,NA,NA,NA,0.1,NA,NA,NA,NA,NA,NA,NA,NA,NA,NA,NA,NA,NA,NA,NA,NA,NA,NA,NA,NA,NA
DSE2,cell wall organization and biogenesis*,"glucan 1,3-beta-glucosidase activity",0.48,1.17,-0.39,-0.11,0.08,0.18,NA,NA,NA,NA,NA,NA,NA,NA,NA,NA,NA,NA,0.15,NA,NA,NA,NA,NA,NA,NA,NA,NA,NA,NA,NA,NA,NA,NA,NA,NA,NA,NA,NA,NA
DSE2,cell wall organization and biogenesis*,"glucan 1,3-beta-glucosidase activity",0.42,0.85,-0.42,0.17,0.23,0.09,NA,NA,NA,NA,NA,NA,NA,NA,NA,NA,NA,NA,0.2,NA,NA,NA,NA,NA,NA,NA,NA,NA,NA,NA,NA,NA,NA,NA,NA,NA,NA,NA,NA,NA
DSE2,cell wall organization and biogenesis*,"glucan 1,3-beta-glucosidase activity",-0.5,-0.12,-0.48,-0.15,0,0.13,NA,NA,NA,NA,NA,NA,NA,NA,NA,NA,NA,NA,0.25,NA,NA,NA,NA,NA,NA,NA,NA,NA,NA,NA,NA,NA,NA,NA,NA,NA,NA,NA,NA,NA
DSE2,cell wall organization and biogenesis*,"glucan 1,3-beta-glucosidase activity",-0.39,-0.61,-0.65,-0.51,0.37,-0.04,NA,NA,NA,NA,NA,NA,NA,NA,NA,NA,NA,NA,0.3,NA,NA,NA,NA,NA,NA,NA,NA,NA,NA,NA,NA,NA,NA,NA,NA,NA,NA,NA,NA,NA
EDC3,deadenylylation-independent decapping,molecular function unknown,0.3,-0.24,0.12,-0.26,-0.35,0.01,NA,NA,NA,NA,NA,0.05,NA,NA,NA,NA,NA,NA,NA,NA,NA,NA,NA,NA,NA,NA,NA,NA,NA,NA,NA,NA,NA,NA,NA,NA,NA,NA,NA,NA
EDC3,deadenylylation-independent decapping,molecular function unknown,0.07,-0.22,-0.01,-0.2,-0.14,-0.16,NA,NA,NA,NA,NA,0.1,NA,NA,NA,NA,NA,NA,NA,NA,NA,NA,NA,NA,NA,NA,NA,NA,NA,NA,NA,NA,NA,NA,NA,NA,NA,NA,NA,NA
EDC3,deadenylylation-independent decapping,molecular function unknown,-0.3,0.14,0.17,-0.22,0.1,0.07,NA,NA,NA,NA,NA,0.15,NA,NA,NA,NA,NA,NA,NA,NA,NA,NA,NA,NA,NA,NA,NA,NA,NA,NA,NA,NA,NA,NA,NA,NA,NA,NA,NA,NA
EDC3,deadenylylation-independent decapping,molecular function unknown,-0.01,0.06,0.07,-0.17,-0.04,0.2,NA,NA,NA,NA,NA,0.2,NA,NA,NA,NA,NA,NA,NA,NA,NA,NA,NA,NA,NA,NA,NA,NA,NA,NA,NA,NA,NA,NA,NA,NA,NA,NA,NA,NA
EDC3,deadenylylation-independent decapping,molecular function unknown,0.15,0,0.1,-0.23,0.22,0.02,NA,NA,NA,NA,NA,0.25,NA,NA,NA,NA,NA,NA,NA,NA,NA,NA,NA,NA,NA,NA,NA,NA,NA,NA,NA,NA,NA,NA,NA,NA,NA,NA,NA,NA
EDC3,deadenylylation-independent decapping,molecular function unknown,0.13,-0.13,0.11,-0.38,0.02,0.1,NA,NA,NA,NA,NA,0.3,NA,NA,NA,NA,NA,NA,NA,NA,NA,NA,NA,NA,NA,NA,NA,NA,NA,NA,NA,NA,NA,NA,NA,NA,NA,NA,NA,NA
FUN34,transport*,transporter activity,-2.02,1.82,-1.34,-2.01,-2.62,-1.92,NA,NA,NA,NA,NA,NA,NA,NA,NA,NA,NA,NA,NA,NA,NA,NA,NA,NA,NA,NA,NA,NA,NA,0.05,NA,NA,NA,NA,NA,NA,NA,NA,NA,NA
FUN34,transport*,transporter activity,-2.1,1.43,-1.44,-1.74,-2.16,-1.98,NA,NA,NA,NA,NA,NA,NA,NA,NA,NA,NA,NA,NA,NA,NA,NA,NA,NA,NA,NA,NA,NA,NA,0.1,NA,NA,NA,NA,NA,NA,NA,NA,NA,NA
FUN34,transport*,transporter activity,-2.55,1.7,-0.73,-2.22,-2.16,-2.16,NA,NA,NA,NA,NA,NA,NA,NA,NA,NA,NA,NA,NA,NA,NA,NA,NA,NA,NA,NA,NA,NA,NA,0.15,NA,NA,NA,NA,NA,NA,NA,NA,NA,NA
FUN34,transport*,transporter activity,-2.65,0.73,-1.08,-2.27,-2.39,-1.28,NA,NA,NA,NA,NA,NA,NA,NA,NA,NA,NA,NA,NA,NA,NA,NA,NA,NA,NA,NA,NA,NA,NA,0.2,NA,NA,NA,NA,NA,NA,NA,NA,NA,NA
FUN34,transport*,transporter activity,-2.31,0.06,-1.11,-3.18,-2.45,-1.94,NA,NA,NA,NA,NA,NA,NA,NA,NA,NA,NA,NA,NA,NA,NA,NA,NA,NA,NA,NA,NA,NA,NA,0.25,NA,NA,NA,NA,NA,NA,NA,NA,NA,NA
FUN34,transport*,transporter activity,-2.52,0.01,-1.73,-3.04,-2.42,-1.78,NA,NA,NA,NA,NA,NA,NA,NA,NA,NA,NA,NA,NA,NA,NA,NA,NA,NA,NA,NA,NA,NA,NA,0.3,NA,NA,NA,NA,NA,NA,NA,NA,NA,NA
KSS1,invasive growth (sensu Saccharomyces)*,MAP kinase activity,-0.07,-0.76,-0.6,-0.83,0.24,-0.8,NA,NA,NA,NA,NA,NA,NA,NA,0.05,NA,NA,NA,NA,NA,NA,NA,NA,NA,NA,NA,NA,NA,NA,NA,NA,NA,NA,NA,NA,NA,NA,NA,NA,NA
KSS1,invasive growth (sensu Saccharomyces)*,MAP kinase activity,-0.49,-0.32,-0.16,-0.25,-0.05,-0.18,NA,NA,NA,NA,NA,NA,NA,NA,0.1,NA,NA,NA,NA,NA,NA,NA,NA,NA,NA,NA,NA,NA,NA,NA,NA,NA,NA,NA,NA,NA,NA,NA,NA,NA
KSS1,invasive growth (sensu Saccharomyces)*,MAP kinase activity,-0.38,-0.05,0.15,-0.54,-0.19,-0.05,NA,NA,NA,NA,NA,NA,NA,NA,0.15,NA,NA,NA,NA,NA,NA,NA,NA,NA,NA,NA,NA,NA,NA,NA,NA,NA,NA,NA,NA,NA,NA,NA,NA,NA
KSS1,invasive growth (sensu Saccharomyces)*,MAP kinase activity,-0.65,-0.27,0.06,-0.42,-0.18,-0.26,NA,NA,NA,NA,NA,NA,NA,NA,0.2,NA,NA,NA,NA,NA,NA,NA,NA,NA,NA,NA,NA,NA,NA,NA,NA,NA,NA,NA,NA,NA,NA,NA,NA,NA
KSS1,invasive growth (sensu Saccharomyces)*,MAP kinase activity,0.01,-0.31,0.2,-0.06,-0.07,-0.58,NA,NA,NA,NA,NA,NA,NA,NA,0.25,NA,NA,NA,NA,NA,NA,NA,NA,NA,NA,NA,NA,NA,NA,NA,NA,NA,NA,NA,NA,NA,NA,NA,NA,NA
KSS1,invasive growth (sensu Saccharomyces)*,MAP kinase activity,0.07,-0.01,-0.11,-0.52,-0.19,-0.18,NA,NA,NA,NA,NA,NA,NA,NA,0.3,NA,NA,NA,NA,NA,NA,NA,NA,NA,NA,NA,NA,NA,NA,NA,NA,NA,NA,NA,NA,NA,NA,NA,NA,NA
MCH2,transport,transporter activity*,-0.05,1.6,0.32,0.95,NA,0.77,NA,NA,NA,NA,NA,NA,NA,NA,NA,NA,NA,NA,NA,NA,NA,0.05,NA,NA,NA,NA,NA,NA,NA,NA,NA,NA,NA,NA,NA,NA,NA,NA,NA,NA
MCH2,transport,transporter activity*,-0.72,0.54,0.38,0.33,-0.52,-0.28,NA,NA,NA,NA,NA,NA,NA,NA,NA,NA,NA,NA,NA,NA,NA,0.1,NA,NA,NA,NA,NA,NA,NA,NA,NA,NA,NA,NA,NA,NA,NA,NA,NA,NA
MCH2,transport,transporter activity*,-0.02,-0.02,-0.4,-0.12,-1.31,-1.27,NA,NA,NA,NA,NA,NA,NA,NA,NA,NA,NA,NA,NA,NA,NA,0.15,NA,NA,NA,NA,NA,NA,NA,NA,NA,NA,NA,NA,NA,NA,NA,NA,NA,NA
MCH2,transport,transporter activity*,-0.41,-0.29,-0.24,-0.26,-1.22,-0.68,NA,NA,NA,NA,NA,NA,NA,NA,NA,NA,NA,NA,NA,NA,NA,0.2,NA,NA,NA,NA,NA,NA,NA,NA,NA,NA,NA,NA,NA,NA,NA,NA,NA,NA
MCH2,transport,transporter activity*,-0.78,-0.44,-0.22,-0.47,-1.25,-1.33,NA,NA,NA,NA,NA,NA,NA,NA,NA,NA,NA,NA,NA,NA,NA,0.25,NA,NA,NA,NA,NA,NA,NA,NA,NA,NA,NA,NA,NA,NA,NA,NA,NA,NA
MCH2,transport,transporter activity*,-1.28,-0.44,-0.39,-0.15,-0.54,-0.7,NA,NA,NA,NA,NA,NA,NA,NA,NA,NA,NA,NA,NA,NA,NA,0.3,NA,NA,NA,NA,NA,NA,NA,NA,NA,NA,NA,NA,NA,NA,NA,NA,NA,NA
MTF1,transcription from mitochondrial promoter,S-adenosylmethionine-dependent methyltransferase activity*,-0.53,-0.42,-0.82,-0.77,0.72,-0.62,NA,NA,NA,NA,NA,NA,NA,NA,NA,NA,NA,NA,NA,NA,NA,NA,NA,NA,NA,0.05,NA,NA,NA,NA,NA,NA,NA,NA,NA,NA,NA,NA,NA,NA
MTF1,transcription from mitochondrial promoter,S-adenosylmethionine-dependent methyltransferase activity*,0.01,-0.43,-0.29,-0.72,-0.12,-0.53,NA,NA,NA,NA,NA,NA,NA,NA,NA,NA,NA,NA,NA,NA,NA,NA,NA,NA,NA,0.1,NA,NA,NA,NA,NA,NA,NA,NA,NA,NA,NA,NA,NA,NA
MTF1,transcription from mitochondrial promoter,S-adenosylmethionine-dependent methyltransferase activity*,0.38,-0.36,-0.07,-0.31,-0.07,-0.3,NA,NA,NA,NA,NA,NA,NA,NA,NA,NA,NA,NA,NA,NA,NA,NA,NA,NA,NA,0.15,NA,NA,NA,NA,NA,NA,NA,NA,NA,NA,NA,NA,NA,NA
MTF1,transcription from mitochondrial promoter,S-adenosylmethionine-dependent methyltransferase activity*,0.56,-0.12,-0.14,-0.7,-0.18,-0.17,NA,NA,NA,NA,NA,NA,NA,NA,NA,NA,NA,NA,NA,NA,NA,NA,NA,NA,NA,0.2,NA,NA,NA,NA,NA,NA,NA,NA,NA,NA,NA,NA,NA,NA
MTF1,transcription from mitochondrial promoter,S-adenosylmethionine-dependent methyltransferase activity*,0.2,0.05,-0.03,-0.26,0.11,-0.44,NA,NA,NA,NA,NA,NA,NA,NA,NA,NA,NA,NA,NA,NA,NA,NA,NA,NA,NA,0.25,NA,NA,NA,NA,NA,NA,NA,NA,NA,NA,NA,NA,NA,NA
MTF1,transcription from mitochondrial promoter,S-adenosylmethionine-dependent methyltransferase activity*,0.01,0.24,-0.04,-0.32,-0.22,-0.35,NA,NA,NA,NA,NA,NA,NA,NA,NA,NA,NA,NA,NA,NA,NA,NA,NA,NA,NA,0.3,NA,NA,NA,NA,NA,NA,NA,NA,NA,NA,NA,NA,NA,NA
PDR12,transport*,xenobiotic-transporting ATPase activity*,-0.68,2.38,-0.57,1.12,-1.35,-2.78,NA,NA,NA,NA,NA,NA,NA,NA,NA,NA,NA,NA,NA,NA,NA,NA,NA,NA,NA,NA,NA,NA,NA,NA,NA,NA,NA,NA,NA,NA,NA,0.05,NA,NA
PDR12,transport*,xenobiotic-transporting ATPase activity*,-0.82,2.17,-0.56,1.04,-0.39,0.06,NA,NA,NA,NA,NA,NA,NA,NA,NA,NA,NA,NA,NA,NA,NA,NA,NA,NA,NA,NA,NA,NA,NA,NA,NA,NA,NA,NA,NA,NA,NA,0.1,NA,NA
PDR12,transport*,xenobiotic-transporting ATPase activity*,-1.25,1.2,-1.01,0.91,-1.42,-0.3,NA,NA,NA,NA,NA,NA,NA,NA,NA,NA,NA,NA,NA,NA,NA,NA,NA,NA,NA,NA,NA,NA,NA,NA,NA,NA,NA,NA,NA,NA,NA,0.15,NA,NA
PDR12,transport*,xenobiotic-transporting ATPase activity*,-1.91,-0.26,-0.55,0.57,-1.8,-1.2,NA,NA,NA,NA,NA,NA,NA,NA,NA,NA,NA,NA,NA,NA,NA,NA,NA,NA,NA,NA,NA,NA,NA,NA,NA,NA,NA,NA,NA,NA,NA,0.2,NA,NA
PDR12,transport*,xenobiotic-transporting ATPase activity*,-1.75,-0.85,-0.79,-0.35,-1.96,-0.71,NA,NA,NA,NA,NA,NA,NA,NA,NA,NA,NA,NA,NA,NA,NA,NA,NA,NA,NA,NA,NA,NA,NA,NA,NA,NA,NA,NA,NA,NA,NA,0.25,NA,NA
PDR12,transport*,xenobiotic-transporting ATPase activity*,-1.66,-0.81,-1.21,-0.32,-1.81,-1.09,NA,NA,NA,NA,NA,NA,NA,NA,NA,NA,NA,NA,NA,NA,NA,NA,NA,NA,NA,NA,NA,NA,NA,NA,NA,NA,NA,NA,NA,NA,NA,0.3,NA,NA
PSP2,biological process unknown,molecular function unknown,0.17,-0.69,-0.17,-0.32,NA,NA,NA,NA,NA,NA,NA,NA,NA,NA,NA,NA,NA,NA,NA,NA,NA,NA,NA,0.05,NA,NA,NA,NA,NA,NA,NA,NA,NA,NA,NA,NA,NA,NA,NA,NA
PSP2,biological process unknown,molecular function unknown,-0.4,-0.03,-0.07,-0.06,-0.2,-0.65,NA,NA,NA,NA,NA,NA,NA,NA,NA,NA,NA,NA,NA,NA,NA,NA,NA,0.1,NA,NA,NA,NA,NA,NA,NA,NA,NA,NA,NA,NA,NA,NA,NA,NA
PSP2,biological process unknown,molecular function unknown,-0.54,0.23,0.25,-0.62,-0.09,0.09,NA,NA,NA,NA,NA,NA,NA,NA,NA,NA,NA,NA,NA,NA,NA,NA,NA,0.15,NA,NA,NA,NA,NA,NA,NA,NA,NA,NA,NA,NA,NA,NA,NA,NA
PSP2,biological process unknown,molecular function unknown,-1.19,0.2,-0.21,-0.5,0.06,0.06,NA,NA,NA,NA,NA,NA,NA,NA,NA,NA,NA,NA,NA,NA,NA,NA,NA,0.2,NA,NA,NA,NA,NA,NA,NA,NA,NA,NA,NA,NA,NA,NA,NA,NA
PSP2,biological process unknown,molecular function unknown,-0.42,0,0.12,-0.37,-0.19,-0.07,NA,NA,NA,NA,NA,NA,NA,NA,NA,NA,NA,NA,NA,NA,NA,NA,NA,0.25,NA,NA,NA,NA,NA,NA,NA,NA,NA,NA,NA,NA,NA,NA,NA,NA
PSP2,biological process unknown,molecular function unknown,1.89,-0.27,-0.11,NA,-0.14,-0.1,NA,NA,NA,NA,NA,NA,NA,NA,NA,NA,NA,NA,NA,NA,NA,NA,NA,0.3,NA,NA,NA,NA,NA,NA,NA,NA,NA,NA,NA,NA,NA,NA,NA,NA
QRI7,proteolysis and peptidolysis,metalloendopeptidase activity,0.23,-0.02,-0.3,0.18,1.29,-0.91,NA,NA,0.05,NA,NA,NA,NA,NA,NA,NA,NA,NA,NA,NA,NA,NA,NA,NA,NA,NA,NA,NA,NA,NA,NA,NA,NA,NA,NA,NA,NA,NA,NA,NA
QRI7,proteolysis and peptidolysis,metalloendopeptidase activity,0.06,-0.27,0.02,0.22,-0.32,-0.94,NA,NA,0.1,NA,NA,NA,NA,NA,NA,NA,NA,NA,NA,NA,NA,NA,NA,NA,NA,NA,NA,NA,NA,NA,NA,NA,NA,NA,NA,NA,NA,NA,NA,NA
QRI7,proteolysis and peptidolysis,metalloendopeptidase activity,-0.66,-0.27,-0.07,0.33,-0.47,-0.42,NA,NA,0.15,NA,NA,NA,NA,NA,NA,NA,NA,NA,NA,NA,NA,NA,NA,NA,NA,NA,NA,NA,NA,NA,NA,NA,NA,NA,NA,NA,NA,NA,NA,NA
QRI7,proteolysis and peptidolysis,metalloendopeptidase activity,-0.4,-0.02,-0.05,0.34,-0.5,-0.36,NA,NA,0.2,NA,NA,NA,NA,NA,NA,NA,NA,NA,NA,NA,NA,NA,NA,NA,NA,NA,NA,NA,NA,NA,NA,NA,NA,NA,NA,NA,NA,NA,NA,NA
QRI7,proteolysis and peptidolysis,metalloendopeptidase activity,-0.46,0.24,-0.13,0.13,-0.42,-0.49,NA,NA,0.25,NA,NA,NA,NA,NA,NA,NA,NA,NA,NA,NA,NA,NA,NA,NA,NA,NA,NA,NA,NA,NA,NA,NA,NA,NA,NA,NA,NA,NA,NA,NA
QRI7,proteolysis and peptidolysis,metalloendopeptidase activity,-0.43,0.25,-0.04,0.44,-0.33,-0.47,NA,NA,0.3,NA,NA,NA,NA,NA,NA,NA,NA,NA,NA,NA,NA,NA,NA,NA,NA,NA,NA,NA,NA,NA,NA,NA,NA,NA,NA,NA,NA,NA,NA,NA
RIB2,riboflavin biosynthesis,pseudouridylate synthase activity*,0.04,-0.55,-0.02,-0.35,-0.14,0.07,NA,NA,NA,NA,NA,NA,NA,NA,NA,NA,NA,NA,NA,NA,NA,NA,NA,NA,NA,NA,NA,NA,NA,NA,NA,NA,0.05,NA,NA,NA,NA,NA,NA,NA
RIB2,riboflavin biosynthesis,pseudouridylate synthase activity*,0,-0.3,-0.05,-0.32,-0.5,-0.31,NA,NA,NA,NA,NA,NA,NA,NA,NA,NA,NA,NA,NA,NA,NA,NA,NA,NA,NA,NA,NA,NA,NA,NA,NA,NA,0.1,NA,NA,NA,NA,NA,NA,NA
RIB2,riboflavin biosynthesis,pseudouridylate synthase activity*,-0.63,-0.12,0.27,-0.39,-0.19,-0.08,NA,NA,NA,NA,NA,NA,NA,NA,NA,NA,NA,NA,NA,NA,NA,NA,NA,NA,NA,NA,NA,NA,NA,NA,NA,NA,0.15,NA,NA,NA,NA,NA,NA,NA
RIB2,riboflavin biosynthesis,pseudouridylate synthase activity*,-0.51,-0.03,0.24,-0.6,-0.13,0.12,NA,NA,NA,NA,NA,NA,NA,NA,NA,NA,NA,NA,NA,NA,NA,NA,NA,NA,NA,NA,NA,NA,NA,NA,NA,NA,0.2,NA,NA,NA,NA,NA,NA,NA
RIB2,riboflavin biosynthesis,pseudouridylate synthase activity*,-0.37,-0.16,0.05,-0.29,-0.01,0.05,NA,NA,NA,NA,NA,NA,NA,NA,NA,NA,NA,NA,NA,NA,NA,NA,NA,NA,NA,NA,NA,NA,NA,NA,NA,NA,0.25,NA,NA,NA,NA,NA,NA,NA
RIB2,riboflavin biosynthesis,pseudouridylate synthase activity*,-0.24,-0.11,0.19,-0.25,-0.04,0.06,NA,NA,NA,NA,NA,NA,NA,NA,NA,NA,NA,NA,NA,NA,NA,NA,NA,NA,NA,NA,NA,NA,NA,NA,NA,NA,0.3,NA,NA,NA,NA,NA,NA,NA
SCW11,"cytokinesis, completion of separation","glucan 1,3-beta-glucosidase activity",-0.25,-0.67,-1.03,-1.5,-0.06,-1.48,NA,NA,NA,NA,NA,NA,NA,0.05,NA,NA,NA,NA,NA,NA,NA,NA,NA,NA,NA,NA,NA,NA,NA,NA,NA,NA,NA,NA,NA,NA,NA,NA,NA,NA
SCW11,"cytokinesis, completion of separation","glucan 1,3-beta-glucosidase activity",0.26,-0.47,-0.42,-1.31,0.53,-0.43,NA,NA,NA,NA,NA,NA,NA,0.1,NA,NA,NA,NA,NA,NA,NA,NA,NA,NA,NA,NA,NA,NA,NA,NA,NA,NA,NA,NA,NA,NA,NA,NA,NA,NA
SCW11,"cytokinesis, completion of separation","glucan 1,3-beta-glucosidase activity",0,1.16,-0.11,-0.91,-0.38,-0.27,NA,NA,NA,NA,NA,NA,NA,0.15,NA,NA,NA,NA,NA,NA,NA,NA,NA,NA,NA,NA,NA,NA,NA,NA,NA,NA,NA,NA,NA,NA,NA,NA,NA,NA
SCW11,"cytokinesis, completion of separation","glucan 1,3-beta-glucosidase activity",-0.03,1.05,0.01,-0.79,0.2,-0.32,NA,NA,NA,NA,NA,NA,NA,0.2,NA,NA,NA,NA,NA,NA,NA,NA,NA,NA,NA,NA,NA,NA,NA,NA,NA,NA,NA,NA,NA,NA,NA,NA,NA,NA
SCW11,"cytokinesis, completion of separation","glucan 1,3-beta-glucosidase activity",-0.72,-0.18,-0.27,-0.72,0.06,-0.24,NA,NA,NA,NA,NA,NA,NA,0.25,NA,NA,NA,NA,NA,NA,NA,NA,NA,NA,NA,NA,NA,NA,NA,NA,NA,NA,NA,NA,NA,NA,NA,NA,NA,NA
SCW11,"cytokinesis, completion of separation","glucan 1,3-beta-glucosidase activity",-0.33,-0.68,-0.51,-0.7,0.49,-0.15,NA,NA,NA,NA,NA,NA,NA,0.3,NA,NA,NA,NA,NA,NA,NA,NA,NA,NA,NA,NA,NA,NA,NA,NA,NA,NA,NA,NA,NA,NA,NA,NA,NA,NA
SFB2,ER to Golgi transport,molecular function unknown,0.2,-0.24,0.18,-0.26,-0.51,-0.06,NA,NA,NA,NA,NA,NA,NA,NA,NA,NA,NA,NA,NA,NA,NA,NA,NA,NA,NA,NA,0.05,NA,NA,NA,NA,NA,NA,NA,NA,NA,NA,NA,NA,NA
SFB2,ER to Golgi transport,molecular function unknown,0.24,-0.13,0.18,-0.2,-0.12,-0.26,NA,NA,NA,NA,NA,NA,NA,NA,NA,NA,NA,NA,NA,NA,NA,NA,NA,NA,NA,NA,0.1,NA,NA,NA,NA,NA,NA,NA,NA,NA,NA,NA,NA,NA
SFB2,ER to Golgi transport,molecular function unknown,-0.2,-0.21,0.13,-0.22,0.09,-0.05,NA,NA,NA,NA,NA,NA,NA,NA,NA,NA,NA,NA,NA,NA,NA,NA,NA,NA,NA,NA,0.15,NA,NA,NA,NA,NA,NA,NA,NA,NA,NA,NA,NA,NA
SFB2,ER to Golgi transport,molecular function unknown,-0.42,-0.15,0.2,-0.31,0.09,-0.28,NA,NA,NA,NA,NA,NA,NA,NA,NA,NA,NA,NA,NA,NA,NA,NA,NA,NA,NA,NA,0.2,NA,NA,NA,NA,NA,NA,NA,NA,NA,NA,NA,NA,NA
SFB2,ER to Golgi transport,molecular function unknown,-0.14,-0.05,0.17,0.04,0.2,-0.19,NA,NA,NA,NA,NA,NA,NA,NA,NA,NA,NA,NA,NA,NA,NA,NA,NA,NA,NA,NA,0.25,NA,NA,NA,NA,NA,NA,NA,NA,NA,NA,NA,NA,NA
SFB2,ER to Golgi transport,molecular function unknown,0.09,-0.05,0.11,0.34,0.08,0.09,NA,NA,NA,NA,NA,NA,NA,NA,NA,NA,NA,NA,NA,NA,NA,NA,NA,NA,NA,NA,0.3,NA,NA,NA,NA,NA,NA,NA,NA,NA,NA,NA,NA,NA
SPE1,pantothenate biosynthesis*,ornithine decarboxylase activity,0.4,-0.19,-0.11,-0.68,-0.63,-1.53,NA,NA,NA,NA,NA,NA,NA,NA,NA,NA,NA,NA,NA,NA,0.05,NA,NA,NA,NA,NA,NA,NA,NA,NA,NA,NA,NA,NA,NA,NA,NA,NA,NA,NA
SPE1,pantothenate biosynthesis*,ornithine decarboxylase activity,0.37,0.24,0.31,-0.26,0.33,-0.43,NA,NA,NA,NA,NA,NA,NA,NA,NA,NA,NA,NA,NA,NA,0.1,NA,NA,NA,NA,NA,NA,NA,NA,NA,NA,NA,NA,NA,NA,NA,NA,NA,NA,NA
SPE1,pantothenate biosynthesis*,ornithine decarboxylase activity,0.05,0.03,0.04,-0.47,0.22,-0.46,NA,NA,NA,NA,NA,NA,NA,NA,NA,NA,NA,NA,NA,NA,0.15,NA,NA,NA,NA,NA,NA,NA,NA,NA,NA,NA,NA,NA,NA,NA,NA,NA,NA,NA
SPE1,pantothenate biosynthesis*,ornithine decarboxylase activity,-0.28,0.17,-0.07,-0.32,-0.1,-0.73,NA,NA,NA,NA,NA,NA,NA,NA,NA,NA,NA,NA,NA,NA,0.2,NA,NA,NA,NA,NA,NA,NA,NA,NA,NA,NA,NA,NA,NA,NA,NA,NA,NA,NA
SPE1,pantothenate biosynthesis*,ornithine decarboxylase activity,-0.13,0,0.06,-0.04,-0.12,-0.48,NA,NA,NA,NA,NA,NA,NA,NA,NA,NA,NA,NA,NA,NA,0.25,NA,NA,NA,NA,NA,NA,NA,NA,NA,NA,NA,NA,NA,NA,NA,NA,NA,NA,NA
SPE1,pantothenate biosynthesis*,ornithine decarboxylase activity,0.19,-0.01,-0.2,-0.5,-0.28,-0.25,NA,NA,NA,NA,NA,NA,NA,NA,NA,NA,NA,NA,NA,NA,0.3,NA,NA,NA,NA,NA,NA,NA,NA,NA,NA,NA,NA,NA,NA,NA,NA,NA,NA,NA
SSO2,vesicle fusion*,t-SNARE activity,-0.35,0.05,-0.59,-0.16,-0.7,-0.45,NA,NA,NA,NA,NA,NA,NA,NA,NA,NA,NA,NA,NA,NA,NA,NA,NA,NA,0.05,NA,NA,NA,NA,NA,NA,NA,NA,NA,NA,NA,NA,NA,NA,NA
SSO2,vesicle fusion*,t-SNARE activity,-0.09,0.02,-0.13,0.18,0.05,-0.09,NA,NA,NA,NA,NA,NA,NA,NA,NA,NA,NA,NA,NA,NA,NA,NA,NA,NA,0.1,NA,NA,NA,NA,NA,NA,NA,NA,NA,NA,NA,NA,NA,NA,NA
SSO2,vesicle fusion*,t-SNARE activity,-0.08,0.4,0,0.21,0.1,-0.13,NA,NA,NA,NA,NA,NA,NA,NA,NA,NA,NA,NA,NA,NA,NA,NA,NA,NA,0.15,NA,NA,NA,NA,NA,NA,NA,NA,NA,NA,NA,NA,NA,NA,NA
SSO2,vesicle fusion*,t-SNARE activity,-0.58,0.34,-0.11,0.08,-0.07,0.02,NA,NA,NA,NA,NA,NA,NA,NA,NA,NA,NA,NA,NA,NA,NA,NA,NA,NA,0.2,NA,NA,NA,NA,NA,NA,NA,NA,NA,NA,NA,NA,NA,NA,NA
SSO2,vesicle fusion*,t-SNARE activity,-0.14,-0.13,0.04,0.23,-0.1,-0.09,NA,NA,NA,NA,NA,NA,NA,NA,NA,NA,NA,NA,NA,NA,NA,NA,NA,NA,0.25,NA,NA,NA,NA,NA,NA,NA,NA,NA,NA,NA,NA,NA,NA,NA
SSO2,vesicle fusion*,t-SNARE activity,-0.12,-0.14,0.01,-0.29,-0.32,-0.03,NA,NA,NA,NA,NA,NA,NA,NA,NA,NA,NA,NA,NA,NA,NA,NA,NA,NA,0.3,NA,NA,NA,NA,NA,NA,NA,NA,NA,NA,NA,NA,NA,NA,NA
VMA13,vacuolar acidification,"hydrogen-transporting ATPase activity, rotational mechanism",0.11,-0.75,-0.11,-0.19,0.09,-0.4,NA,NA,NA,NA,NA,NA,NA,NA,NA,NA,NA,NA,NA,NA,NA,NA,NA,NA,NA,NA,NA,NA,NA,NA,NA,NA,NA,NA,NA,NA,NA,NA,NA,0.05
VMA13,vacuolar acidification,"hydrogen-transporting ATPase activity, rotational mechanism",-0.16,-0.12,-0.01,-0.25,0.13,-0.02,NA,NA,NA,NA,NA,NA,NA,NA,NA,NA,NA,NA,NA,NA,NA,NA,NA,NA,NA,NA,NA,NA,NA,NA,NA,NA,NA,NA,NA,NA,NA,NA,NA,0.1
VMA13,vacuolar acidification,"hydrogen-transporting ATPase activity, rotational mechanism",-0.26,-0.07,0.15,-0.25,0.15,0.26,NA,NA,NA,NA,NA,NA,NA,NA,NA,NA,NA,NA,NA,NA,NA,NA,NA,NA,NA,NA,NA,NA,NA,NA,NA,NA,NA,NA,NA,NA,NA,NA,NA,0.15
VMA13,vacuolar acidification,"hydrogen-transporting ATPase activity, rotational mechanism",-0.42,0.02,0.15,-0.47,-0.02,0.31,NA,NA,NA,NA,NA,NA,NA,NA,NA,NA,NA,NA,NA,NA,NA,NA,NA,NA,NA,NA,NA,NA,NA,NA,NA,NA,NA,NA,NA,NA,NA,NA,NA,0.2
VMA13,vacuolar acidification,"hydrogen-transporting ATPase activity, rotational mechanism",0.18,-0.32,0,-0.24,0.24,0.14,NA,NA,NA,NA,NA,NA,NA,NA,NA,NA,NA,NA,NA,NA,NA,NA,NA,NA,NA,NA,NA,NA,NA,NA,NA,NA,NA,NA,NA,NA,NA,NA,NA,0.25
VMA13,vacuolar acidification,"hydrogen-transporting ATPase activity, rotational mechanism",0.13,-0.41,0.03,-0.49,-0.08,0.11,NA,NA,NA,NA,NA,NA,NA,NA,NA,NA,NA,NA,NA,NA,NA,NA,NA,NA,NA,NA,NA,NA,NA,NA,NA,NA,NA,NA,NA,NA,NA,NA,NA,0.3
VPS5,protein retention in Golgi*,protein transporter activity,0.39,-0.16,-0.2,-0.23,-0.38,-0.26,NA,NA,NA,NA,NA,NA,NA,NA,NA,NA,NA,NA,NA,NA,NA,NA,NA,NA,NA,NA,NA,NA,NA,NA,NA,NA,NA,NA,NA,0.05,NA,NA,NA,NA
VPS5,protein retention in Golgi*,protein transporter activity,0.2,-0.38,-0.18,-0.2,-0.14,-0.13,NA,NA,NA,NA,NA,NA,NA,NA,NA,NA,NA,NA,NA,NA,NA,NA,NA,NA,NA,NA,NA,NA,NA,NA,NA,NA,NA,NA,NA,0.1,NA,NA,NA,NA
VPS5,protein retention in Golgi*,protein transporter activity,0.27,0.05,0.11,-0.07,0,-0.1,NA,NA,NA,NA,NA,NA,NA,NA,NA,NA,NA,NA,NA,NA,NA,NA,NA,NA,NA,NA,NA,NA,NA,NA,NA,NA,NA,NA,NA,0.15,NA,NA,NA,NA
VPS5,protein retention in Golgi*,protein transporter activity,0.19,0.14,0,-0.13,-0.06,0.07,NA,NA,NA,NA,NA,NA,NA,NA,NA,NA,NA,NA,NA,NA,NA,NA,NA,NA,NA,NA,NA,NA,NA,NA,NA,NA,NA,NA,NA,0.2,NA,NA,NA,NA
VPS5,protein retention in Golgi*,protein transporter activity,0.2,-0.04,0.02,-0.14,0.16,-0.04,NA,NA,NA,NA,NA,NA,NA,NA,NA,NA,NA,NA,NA,NA,NA,NA,NA,NA,NA,NA,NA,NA,NA,NA,NA,NA,NA,NA,NA,0.25,NA,NA,NA,NA
VPS5,protein retention in Golgi*,protein transporter activity,0.06,-0.01,0.09,-0.42,-0.15,-0.12,NA,NA,NA,NA,NA,NA,NA,NA,NA,NA,NA,NA,NA,NA,NA,NA,NA,NA,NA,NA,NA,NA,NA,NA,NA,NA,NA,NA,NA,0.3,NA,NA,NA,NA
YAP7,positive regulation of transcription from RNA polymerase II promoter,RNA polymerase II transcription factor activity,0.42,-0.51,-0.41,-0.93,0.24,-1.09,NA,NA,NA,NA,NA,NA,NA,NA,NA,NA,NA,NA,NA,NA,NA,NA,NA,NA,NA,NA,NA,NA,NA,NA,0.05,NA,NA,NA,NA,NA,NA,NA,NA,NA
YAP7,positive regulation of transcription from RNA polymerase II promoter,RNA polymerase II transcription factor activity,0.24,-0.04,-0.02,-0.65,0.08,-0.26,NA,NA,NA,NA,NA,NA,NA,NA,NA,NA,NA,NA,NA,NA,NA,NA,NA,NA,NA,NA,NA,NA,NA,NA,0.1,NA,NA,NA,NA,NA,NA,NA,NA,NA
YAP7,positive regulation of transcription from RNA polymerase II promoter,RNA polymerase II transcription factor activity,-0.04,0.06,-0.16,-0.64,0.22,0.02,NA,NA,NA,NA,NA,NA,NA,NA,NA,NA,NA,NA,NA,NA,NA,NA,NA,NA,NA,NA,NA,NA,NA,NA,0.15,NA,NA,NA,NA,NA,NA,NA,NA,NA
YAP7,positive regulation of transcription from RNA polymerase II promoter,RNA polymerase II transcription factor activity,-0.25,0.26,-0.13,-0.66,0.2,-0.09,NA,NA,NA,NA,NA,NA,NA,NA,NA,NA,NA,NA,NA,NA,NA,NA,NA,NA,NA,NA,NA,NA,NA,NA,0.2,NA,NA,NA,NA,NA,NA,NA,NA,NA
YAP7,positive regulation of transcription from RNA polymerase II promoter,RNA polymerase II transcription factor activity,0.07,-0.19,-0.13,-0.33,0.09,-0.43,NA,NA,NA,NA,NA,NA,NA,NA,NA,NA,NA,NA,NA,NA,NA,NA,NA,NA,NA,NA,NA,NA,NA,NA,0.25,NA,NA,NA,NA,NA,NA,NA,NA,NA
YAP7,positive regulation of transcription from RNA polymerase II promoter,RNA polymerase II transcription factor activity,-0.18,-0.22,-0.03,-0.72,-0.21,-0.21,NA,NA,NA,NA,NA,NA,NA,NA,NA,NA,NA,NA,NA,NA,NA,NA,NA,NA,NA,NA,NA,NA,NA,NA,0.3,NA,NA,NA,NA,NA,NA,NA,NA,NA
YOR1,transport*,xenobiotic-transporting ATPase activity,0.46,0.14,0.7,1.42,-0.17,0.14,NA,NA,NA,NA,NA,NA,NA,NA,NA,0.05,NA,NA,NA,NA,NA,NA,NA,NA,NA,NA,NA,NA,NA,NA,NA,NA,NA,NA,NA,NA,NA,NA,NA,NA
YOR1,transport*,xenobiotic-transporting ATPase activity,0.21,0.21,0.45,1.15,0.28,-0.2,NA,NA,NA,NA,NA,NA,NA,NA,NA,0.1,NA,NA,NA,NA,NA,NA,NA,NA,NA,NA,NA,NA,NA,NA,NA,NA,NA,NA,NA,NA,NA,NA,NA,NA
YOR1,transport*,xenobiotic-transporting ATPase activity,0.5,-0.14,-0.13,0.99,-0.53,-0.24,NA,NA,NA,NA,NA,NA,NA,NA,NA,0.15,NA,NA,NA,NA,NA,NA,NA,NA,NA,NA,NA,NA,NA,NA,NA,NA,NA,NA,NA,NA,NA,NA,NA,NA
YOR1,transport*,xenobiotic-transporting ATPase activity,-0.04,-0.01,-0.1,0.99,-0.18,-0.61,NA,NA,NA,NA,NA,NA,NA,NA,NA,0.2,NA,NA,NA,NA,NA,NA,NA,NA,NA,NA,NA,NA,NA,NA,NA,NA,NA,NA,NA,NA,NA,NA,NA,NA
YOR1,transport*,xenobiotic-transporting ATPase activity,0.07,-0.05,-0.28,0.84,-0.12,-0.39,NA,NA,NA,NA,NA,NA,NA,NA,NA,0.25,NA,NA,NA,NA,NA,NA,NA,NA,NA,NA,NA,NA,NA,NA,NA,NA,NA,NA,NA,NA,NA,NA,NA,NA
YOR1,transport*,xenobiotic-transporting ATPase activity,-0.21,-0.1,-0.39,0.8,-0.21,-0.17,NA,NA,NA,NA,NA,NA,NA,NA,NA,0.3,NA,NA,NA,NA,NA,NA,NA,NA,NA,NA,NA,NA,NA,NA,NA,NA,NA,NA,NA,NA,NA,NA,NA,NA
YVC1,cation homeostasis,calcium channel activity*,0.67,-0.4,-1.51,-1.42,0.22,NA,NA,NA,NA,NA,NA,NA,NA,NA,NA,NA,NA,NA,NA,NA,NA,NA,NA,NA,NA,NA,NA,NA,NA,NA,NA,NA,NA,NA,NA,NA,0.05,NA,NA,NA
YVC1,cation homeostasis,calcium channel activity*,0.55,-0.14,-0.32,-0.71,0.49,-0.39,NA,NA,NA,NA,NA,NA,NA,NA,NA,NA,NA,NA,NA,NA,NA,NA,NA,NA,NA,NA,NA,NA,NA,NA,NA,NA,NA,NA,NA,NA,0.1,NA,NA,NA
YVC1,cation homeostasis,calcium channel activity*,0.4,-0.06,-0.1,-0.94,-0.14,-0.3,NA,NA,NA,NA,NA,NA,NA,NA,NA,NA,NA,NA,NA,NA,NA,NA,NA,NA,NA,NA,NA,NA,NA,NA,NA,NA,NA,NA,NA,NA,0.15,NA,NA,NA
YVC1,cation homeostasis,calcium channel activity*,-0.19,0,-0.15,-0.79,-0.23,-0.28,NA,NA,NA,NA,NA,NA,NA,NA,NA,NA,NA,NA,NA,NA,NA,NA,NA,NA,NA,NA,NA,NA,NA,NA,NA,NA,NA,NA,NA,NA,0.2,NA,NA,NA
YVC1,cation homeostasis,calcium channel activity*,-0.19,-0.22,0.03,-0.18,-0.15,-0.01,NA,NA,NA,NA,NA,NA,NA,NA,NA,NA,NA,NA,NA,NA,NA,NA,NA,NA,NA,NA,NA,NA,NA,NA,NA,NA,NA,NA,NA,NA,0.25,NA,NA,NA
YVC1,cation homeostasis,calcium channel activity*,0.2,-0.07,0.09,-0.86,0.08,0.14,NA,NA,NA,NA,NA,NA,NA,NA,NA,NA,NA,NA,NA,NA,NA,NA,NA,NA,NA,NA,NA,NA,NA,NA,NA,NA,NA,NA,NA,NA,0.3,NA,NA,NA
NA,biological process unknown,molecular function unknown,0.11,-0.91,-0.67,-0.53,0.06,-1.04,NA,NA,NA,NA,NA,NA,NA,NA,NA,NA,NA,0.05,NA,NA,NA,NA,NA,NA,NA,NA,NA,NA,NA,NA,NA,NA,NA,NA,NA,NA,NA,NA,NA,NA
NA,biological process unknown,molecular function unknown,0.17,-0.43,-0.13,-0.53,-0.21,-0.59,NA,NA,NA,NA,NA,NA,NA,NA,NA,NA,NA,0.1,NA,NA,NA,NA,NA,NA,NA,NA,NA,NA,NA,NA,NA,NA,NA,NA,NA,NA,NA,NA,NA,NA
NA,biological process unknown,molecular function unknown,-0.02,-0.05,-0.08,-0.47,-0.25,-0.47,NA,NA,NA,NA,NA,NA,NA,NA,NA,NA,NA,0.15,NA,NA,NA,NA,NA,NA,NA,NA,NA,NA,NA,NA,NA,NA,NA,NA,NA,NA,NA,NA,NA,NA
NA,biological process unknown,molecular function unknown,-0.28,-0.09,-0.12,-0.2,-0.36,-0.29,NA,NA,NA,NA,NA,NA,NA,NA,NA,NA,NA,0.2,NA,NA,NA,NA,NA,NA,NA,NA,NA,NA,NA,NA,NA,NA,NA,NA,NA,NA,NA,NA,NA,NA
NA,biological process unknown,molecular function unknown,-0.04,-0.27,-0.13,-0.03,-0.06,-0.33,NA,NA,NA,NA,NA,NA,NA,NA,NA,NA,NA,0.25,NA,NA,NA,NA,NA,NA,NA,NA,NA,NA,NA,NA,NA,NA,NA,NA,NA,NA,NA,NA,NA,NA
NA,biological process unknown,molecular function unknown,-0.2,-0.45,-0.05,-0.67,-0.19,-0.2,NA,NA,NA,NA,NA,NA,NA,NA,NA,NA,NA,0.3,NA,NA,NA,NA,NA,NA,NA,NA,NA,NA,NA,NA,NA,NA,NA,NA,NA,NA,NA,NA,NA,NA
NA,biological process unknown,molecular function unknown,0.31,0.28,0.16,-0.09,0.53,-1.02,NA,NA,NA,NA,NA,NA,NA,NA,NA,NA,NA,NA,NA,NA,NA,NA,NA,NA,NA,NA,NA,0.05,NA,NA,NA,NA,NA,NA,NA,NA,NA,NA,NA,NA
NA,biological process unknown,molecular function unknown,0,0.13,0.09,-0.04,0.15,-0.91,NA,NA,NA,NA,NA,NA,NA,NA,NA,NA,NA,NA,NA,NA,NA,NA,NA,NA,NA,NA,NA,0.1,NA,NA,NA,NA,NA,NA,NA,NA,NA,NA,NA,NA
NA,biological process unknown,molecular function unknown,-0.63,-0.4,0.02,-0.1,-0.01,-0.59,NA,NA,NA,NA,NA,NA,NA,NA,NA,NA,NA,NA,NA,NA,NA,NA,NA,NA,NA,NA,NA,0.15,NA,NA,NA,NA,NA,NA,NA,NA,NA,NA,NA,NA
NA,biological process unknown,molecular function unknown,-0.44,-0.48,0.04,0.15,0.12,-0.61,NA,NA,NA,NA,NA,NA,NA,NA,NA,NA,NA,NA,NA,NA,NA,NA,NA,NA,NA,NA,NA,0.2,NA,NA,NA,NA,NA,NA,NA,NA,NA,NA,NA,NA
NA,biological process unknown,molecular function unknown,-0.26,-0.11,0.03,0.2,-0.15,-0.17,NA,NA,NA,NA,NA,NA,NA,NA,NA,NA,NA,NA,NA,NA,NA,NA,NA,NA,NA,NA,NA,0.25,NA,NA,NA,NA,NA,NA,NA,NA,NA,NA,NA,NA
NA,biological process unknown,molecular function unknown,0.21,0.17,0.01,0.63,0.32,0.18,NA,NA,NA,NA,NA,NA,NA,NA,NA,NA,NA,NA,NA,NA,NA,NA,NA,NA,NA,NA,NA,0.3,NA,NA,NA,NA,NA,NA,NA,NA,NA,NA,NA,NA
NA,biological process unknown,molecular function unknown,-0.05,-0.47,-0.4,-0.59,0.05,-0.67,NA,NA,NA,NA,NA,NA,NA,NA,NA,NA,NA,NA,NA,NA,NA,NA,NA,NA,NA,NA,NA,NA,0.05,NA,NA,NA,NA,NA,NA,NA,NA,NA,NA,NA
NA,biological process unknown,molecular function unknown,0.19,-0.43,-0.13,-0.34,-0.17,-0.01,NA,NA,NA,NA,NA,NA,NA,NA,NA,NA,NA,NA,NA,NA,NA,NA,NA,NA,NA,NA,NA,NA,0.1,NA,NA,NA,NA,NA,NA,NA,NA,NA,NA,NA
NA,biological process unknown,molecular function unknown,-0.14,-0.15,0.02,-0.33,-0.05,-0.2,NA,NA,NA,NA,NA,NA,NA,NA,NA,NA,NA,NA,NA,NA,NA,NA,NA,NA,NA,NA,NA,NA,0.15,NA,NA,NA,NA,NA,NA,NA,NA,NA,NA,NA
NA,biological process unknown,molecular function unknown,-0.37,0.08,-0.17,-0.54,0.05,-0.36,NA,NA,NA,NA,NA,NA,NA,NA,NA,NA,NA,NA,NA,NA,NA,NA,NA,NA,NA,NA,NA,NA,0.2,NA,NA,NA,NA,NA,NA,NA,NA,NA,NA,NA
NA,biological process unknown,molecular function unknown,-0.15,-0.26,-0.3,-0.19,0.06,-0.3,NA,NA,NA,NA,NA,NA,NA,NA,NA,NA,NA,NA,NA,NA,NA,NA,NA,NA,NA,NA,NA,NA,0.25,NA,NA,NA,NA,NA,NA,NA,NA,NA,NA,NA
NA,biological process unknown,molecular function unknown,-0.02,-0.25,-0.41,-0.18,-0.25,-0.04,NA,NA,NA,NA,NA,NA,NA,NA,NA,NA,NA,NA,NA,NA,NA,NA,NA,NA,NA,NA,NA,NA,0.3,NA,NA,NA,NA,NA,NA,NA,NA,NA,NA,NA
NA,biological process unknown,molecular function unknown,0.26,-0.22,-0.1,-0.55,0.25,-0.02,NA,NA,NA,NA,NA,NA,NA,NA,NA,NA,NA,NA,NA,NA,NA,NA,NA,NA,NA,NA,NA,NA,NA,NA,NA,0.05,NA,NA,NA,NA,NA,NA,NA,NA
NA,biological process unknown,molecular function unknown,0.15,-0.18,0.11,-0.67,0.18,0.04,NA,NA,NA,NA,NA,NA,NA,NA,NA,NA,NA,NA,NA,NA,NA,NA,NA,NA,NA,NA,NA,NA,NA,NA,NA,0.1,NA,NA,NA,NA,NA,NA,NA,NA
NA,biological process unknown,molecular function unknown,0.04,0.27,-0.04,-0.47,0.25,0.16,NA,NA,NA,NA,NA,NA,NA,NA,NA,NA,NA,NA,NA,NA,NA,NA,NA,NA,NA,NA,NA,NA,NA,NA,NA,0.15,NA,NA,NA,NA,NA,NA,NA,NA
NA,biological process unknown,molecular function unknown,-0.07,0.18,-0.13,-0.72,0.04,0.02,NA,NA,NA,NA,NA,NA,NA,NA,NA,NA,NA,NA,NA,NA,NA,NA,NA,NA,NA,NA,NA,NA,NA,NA,NA,0.2,NA,NA,NA,NA,NA,NA,NA,NA
NA,biological process unknown,molecular function unknown,0.12,0.03,-0.08,-0.47,0.25,-0.03,NA,NA,NA,NA,NA,NA,NA,NA,NA,NA,NA,NA,NA,NA,NA,NA,NA,NA,NA,NA,NA,NA,NA,NA,NA,0.25,NA,NA,NA,NA,NA,NA,NA,NA
NA,biological process unknown,molecular function unknown,-0.08,-0.04,0.1,-0.63,-0.29,-0.22,NA,NA,NA,NA,NA,NA,NA,NA,NA,NA,NA,NA,NA,NA,NA,NA,NA,NA,NA,NA,NA,NA,NA,NA,NA,0.3,NA,NA,NA,NA,NA,NA,NA,NA
NA,biological process unknown,molecular function unknown,0.08,-0.1,-0.66,-0.27,0.26,-1.19,NA,NA,NA,NA,NA,NA,NA,NA,NA,NA,NA,NA,NA,NA,NA,NA,NA,NA,NA,NA,NA,NA,NA,NA,NA,NA,NA,NA,NA,NA,NA,NA,0.05,NA
NA,biological process unknown,molecular function unknown,0.01,-0.02,-0.07,-0.2,0.05,0.15,NA,NA,NA,NA,NA,NA,NA,NA,NA,NA,NA,NA,NA,NA,NA,NA,NA,NA,NA,NA,NA,NA,NA,NA,NA,NA,NA,NA,NA,NA,NA,NA,0.1,NA
NA,biological process unknown,molecular function unknown,0.08,-0.37,-0.22,-0.37,-0.19,-0.09,NA,NA,NA,NA,NA,NA,NA,NA,NA,NA,NA,NA,NA,NA,NA,NA,NA,NA,NA,NA,NA,NA,NA,NA,NA,NA,NA,NA,NA,NA,NA,NA,0.15,NA
NA,biological process unknown,molecular function unknown,-0.18,-0.09,-0.04,-0.28,-0.09,-0.17,NA,NA,NA,NA,NA,NA,NA,NA,NA,NA,NA,NA,NA,NA,NA,NA,NA,NA,NA,NA,NA,NA,NA,NA,NA,NA,NA,NA,NA,NA,NA,NA,0.2,NA
NA,biological process unknown,molecular function unknown,-0.09,-0.14,-0.1,-0.34,-0.11,0.05,NA,NA,NA,NA,NA,NA,NA,NA,NA,NA,NA,NA,NA,NA,NA,NA,NA,NA,NA,NA,NA,NA,NA,NA,NA,NA,NA,NA,NA,NA,NA,NA,0.25,NA
NA,biological process unknown,molecular function unknown,0.08,0.1,0.05,-0.47,0.18,0.12,NA,NA,NA,NA,NA,NA,NA,NA,NA,NA,NA,NA,NA,NA,NA,NA,NA,NA,NA,NA,NA,NA,NA,NA,NA,NA,NA,NA,NA,NA,NA,NA,0.3,NA
NA,proteolysis and peptidolysis,metalloendopeptidase activity,0.81,-1.01,-1.61,-1.39,NA,NA,0.05,NA,NA,NA,NA,NA,NA,NA,NA,NA,NA,NA,NA,NA,NA,NA,NA,NA,NA,NA,NA,NA,NA,NA,NA,NA,NA,NA,NA,NA,NA,NA,NA,NA
NA,proteolysis and peptidolysis,metalloendopeptidase activity,0.57,-0.55,-0.33,-0.55,0.39,-0.23,0.1,NA,NA,NA,NA,NA,NA,NA,NA,NA,NA,NA,NA,NA,NA,NA,NA,NA,NA,NA,NA,NA,NA,NA,NA,NA,NA,NA,NA,NA,NA,NA,NA,NA
NA,proteolysis and peptidolysis,metalloendopeptidase activity,0.38,-0.72,-0.08,-0.61,0.2,-0.32,0.15,NA,NA,NA,NA,NA,NA,NA,NA,NA,NA,NA,NA,NA,NA,NA,NA,NA,NA,NA,NA,NA,NA,NA,NA,NA,NA,NA,NA,NA,NA,NA,NA,NA
NA,proteolysis and peptidolysis,metalloendopeptidase activity,-0.45,-0.54,-0.25,-0.27,0.06,-0.49,0.2,NA,NA,NA,NA,NA,NA,NA,NA,NA,NA,NA,NA,NA,NA,NA,NA,NA,NA,NA,NA,NA,NA,NA,NA,NA,NA,NA,NA,NA,NA,NA,NA,NA
NA,proteolysis and peptidolysis,metalloendopeptidase activity,0.4,-0.55,0.12,0.25,-0.03,0.01,0.25,NA,NA,NA,NA,NA,NA,NA,NA,NA,NA,NA,NA,NA,NA,NA,NA,NA,NA,NA,NA,NA,NA,NA,NA,NA,NA,NA,NA,NA,NA,NA,NA,NA
NA,proteolysis and peptidolysis,metalloendopeptidase activity,0.24,-0.19,-0.09,-0.66,-0.13,0.24,0.3,NA,NA,NA,NA,NA,NA,NA,NA,NA,NA,NA,NA,NA,NA,NA,NA,NA,NA,NA,NA,NA,NA,NA,NA,NA,NA,NA,NA,NA,NA,NA,NA,NA
NA,transport,"ATPase activity, coupled to transmembrane movement of substances",-1.03,-1.06,1.86,0.54,-1.33,2.56,NA,NA,NA,NA,NA,NA,NA,NA,NA,NA,0.05,NA,NA,NA,NA,NA,NA,NA,NA,NA,NA,NA,NA,NA,NA,NA,NA,NA,NA,NA,NA,NA,NA,NA
NA,transport,"ATPase activity, coupled to transmembrane movement of substances",-1.2,-0.55,2.41,0.85,-1.44,1.94,NA,NA,NA,NA,NA,NA,NA,NA,NA,NA,0.1,NA,NA,NA,NA,NA,NA,NA,NA,NA,NA,NA,NA,NA,NA,NA,NA,NA,NA,NA,NA,NA,NA,NA
NA,transport,"ATPase activity, coupled to transmembrane movement of substances",-0.77,1.08,1.48,0.6,-1.26,-0.22,NA,NA,NA,NA,NA,NA,NA,NA,NA,NA,0.15,NA,NA,NA,NA,NA,NA,NA,NA,NA,NA,NA,NA,NA,NA,NA,NA,NA,NA,NA,NA,NA,NA,NA
NA,transport,"ATPase activity, coupled to transmembrane movement of substances",-0.89,0.81,1.24,1.31,-0.66,-0.11,NA,NA,NA,NA,NA,NA,NA,NA,NA,NA,0.2,NA,NA,NA,NA,NA,NA,NA,NA,NA,NA,NA,NA,NA,NA,NA,NA,NA,NA,NA,NA,NA,NA,NA
NA,transport,"ATPase activity, coupled to transmembrane movement of substances",-1.24,-0.93,0.61,1.04,-0.8,-0.11,NA,NA,NA,NA,NA,NA,NA,NA,NA,NA,0.25,NA,NA,NA,NA,NA,NA,NA,NA,NA,NA,NA,NA,NA,NA,NA,NA,NA,NA,NA,NA,NA,NA,NA
NA,transport,"ATPase activity, coupled to transmembrane movement of substances",-1.49,-1.41,0.02,0.81,-0.79,-0.9,NA,NA,NA,NA,NA,NA,NA,NA,NA,NA,0.3,NA,NA,NA,NA,NA,NA,NA,NA,NA,NA,NA,NA,NA,NA,NA,NA,NA,NA,NA,NA,NA,NA,NA
NA,transport,transporter activity,-0.24,0.98,0.71,-0.13,6.5,-0.4,NA,NA,NA,NA,NA,NA,NA,NA,NA,NA,NA,NA,NA,0.05,NA,NA,NA,NA,NA,NA,NA,NA,NA,NA,NA,NA,NA,NA,NA,NA,NA,NA,NA,NA
NA,transport,transporter activity,-0.73,1.01,0.2,-0.65,5.86,-0.29,NA,NA,NA,NA,NA,NA,NA,NA,NA,NA,NA,NA,NA,0.1,NA,NA,NA,NA,NA,NA,NA,NA,NA,NA,NA,NA,NA,NA,NA,NA,NA,NA,NA,NA
NA,transport,transporter activity,-0.02,0.54,-0.15,-1.08,5.94,-0.04,NA,NA,NA,NA,NA,NA,NA,NA,NA,NA,NA,NA,NA,0.15,NA,NA,NA,NA,NA,NA,NA,NA,NA,NA,NA,NA,NA,NA,NA,NA,NA,NA,NA,NA
NA,transport,transporter activity,-0.14,0.88,-0.26,-1.04,5.24,-0.24,NA,NA,NA,NA,NA,NA,NA,NA,NA,NA,NA,NA,NA,0.2,NA,NA,NA,NA,NA,NA,NA,NA,NA,NA,NA,NA,NA,NA,NA,NA,NA,NA,NA,NA
NA,transport,transporter activity,-0.31,0.05,-0.19,-1.06,4.5,-0.34,NA,NA,NA,NA,NA,NA,NA,NA,NA,NA,NA,NA,NA,0.25,NA,NA,NA,NA,NA,NA,NA,NA,NA,NA,NA,NA,NA,NA,NA,NA,NA,NA,NA,NA
NA,transport,transporter activity,-0.2,0.08,-0.03,-0.85,3.43,-0.37,NA,NA,NA,NA,NA,NA,NA,NA,NA,NA,NA,NA,NA,0.3,NA,NA,NA,NA,NA,NA,NA,NA,NA,NA,NA,NA,NA,NA,NA,NA,NA,NA,NA,NA
NA,transport,transporter activity,0.72,0,-0.38,-0.96,3.95,-0.28,NA,NA,NA,NA,NA,NA,NA,NA,NA,NA,NA,NA,NA,NA,NA,NA,NA,NA,NA,NA,NA,NA,NA,NA,NA,NA,NA,0.05,NA,NA,NA,NA,NA,NA
NA,transport,transporter activity,0.89,-0.12,-0.25,-1.15,3.96,-0.38,NA,NA,NA,NA,NA,NA,NA,NA,NA,NA,NA,NA,NA,NA,NA,NA,NA,NA,NA,NA,NA,NA,NA,NA,NA,NA,NA,0.1,NA,NA,NA,NA,NA,NA
NA,transport,transporter activity,1.03,0.4,-0.23,-1.29,3.94,-0.04,NA,NA,NA,NA,NA,NA,NA,NA,NA,NA,NA,NA,NA,NA,NA,NA,NA,NA,NA,NA,NA,NA,NA,NA,NA,NA,NA,0.15,NA,NA,NA,NA,NA,NA
NA,transport,transporter activity,1.02,0.32,-0.04,-1.23,3.62,0.07,NA,NA,NA,NA,NA,NA,NA,NA,NA,NA,NA,NA,NA,NA,NA,NA,NA,NA,NA,NA,NA,NA,NA,NA,NA,NA,NA,0.2,NA,NA,NA,NA,NA,NA
NA,transport,transporter activity,1.25,0.3,0.66,-1.12,3.31,0.14,NA,NA,NA,NA,NA,NA,NA,NA,NA,NA,NA,NA,NA,NA,NA,NA,NA,NA,NA,NA,NA,NA,NA,NA,NA,NA,NA,0.25,NA,NA,NA,NA,NA,NA
NA,transport,transporter activity,1.39,0.62,0.75,-0.45,2.83,0.18,NA,NA,NA,NA,NA,NA,NA,NA,NA,NA,NA,NA,NA,NA,NA,NA,NA,NA,NA,NA,NA,NA,NA,NA,NA,NA,NA,0.3,NA,NA,NA,NA,NA,NA
NA,transport,transporter activity,0.57,-0.38,-0.53,-0.98,4.03,0.34,NA,NA,NA,NA,NA,NA,NA,NA,NA,NA,NA,NA,NA,NA,NA,NA,NA,NA,NA,NA,NA,NA,NA,NA,NA,NA,NA,NA,0.05,NA,NA,NA,NA,NA
NA,transport,transporter activity,0.52,-0.4,-0.39,-1.35,3.77,-0.7,NA,NA,NA,NA,NA,NA,NA,NA,NA,NA,NA,NA,NA,NA,NA,NA,NA,NA,NA,NA,NA,NA,NA,NA,NA,NA,NA,NA,0.1,NA,NA,NA,NA,NA
NA,transport,transporter activity,0.54,0.2,-0.41,-1.15,3.71,-0.41,NA,NA,NA,NA,NA,NA,NA,NA,NA,NA,NA,NA,NA,NA,NA,NA,NA,NA,NA,NA,NA,NA,NA,NA,NA,NA,NA,NA,0.15,NA,NA,NA,NA,NA
NA,transport,transporter activity,0.47,0.15,-0.01,-1.36,3.41,-0.02,NA,NA,NA,NA,NA,NA,NA,NA,NA,NA,NA,NA,NA,NA,NA,NA,NA,NA,NA,NA,NA,NA,NA,NA,NA,NA,NA,NA,0.2,NA,NA,NA,NA,NA
NA,transport,transporter activity,0.74,-0.02,0.62,-1.15,3.12,-0.27,NA,NA,NA,NA,NA,NA,NA,NA,NA,NA,NA,NA,NA,NA,NA,NA,NA,NA,NA,NA,NA,NA,NA,NA,NA,NA,NA,NA,0.25,NA,NA,NA,NA,NA
NA,transport,transporter activity,0.81,0.37,0.54,-0.55,2.51,0.02,NA,NA,NA,NA,NA,NA,NA,NA,NA,NA,NA,NA,NA,NA,NA,NA,NA,NA,NA,NA,NA,NA,NA,NA,NA,NA,NA,NA,0.3,NA,NA,NA,NA,NA
